{   

    "pumps": {
        "R": {
            "a": 0.407568641,
            "b": -0.044207838,
            "pin": 6
        },

        "G": {
            "a": 0.532986491,
            "b": -0.16045551,
            "pin": 5
        },

        "B": {
            "a": 0.376434458,
            "b": -0.049696443,
            "pin": 4
        },

        "Y": {
            "a": 0.421974005,
            "b": -0.077071988,
            "pin": 3
        },

        "W": {
            "a": 0.39460475,
            "b": -0.072928905,
            "pin": 2
        },

        "D": {
            "a": 0.4380667,
            "b": -0.049233,
            "pin": 1
        }
    }

}