{   

    "pumps": {
        "R": {
            "a": 0.082296299,
            "b": -0.012814294,
            "pin": 6
        },

        "G": {
            "a": 0.084376245,
            "b": -0.004840182,
            "pin": 5
        },

        "B": {
            "a": 0.077541296,
            "b": -0.013489736,
            "pin": 4
        },

        "Y": {
            "a": 0.079162938,
            "b": -0.006789453,
            "pin": 3
        },

        "W": {
            "a": 0.084050764,
            "b": -0.011641781,
            "pin": 2
        },

        "D": {
            "a": 0.086485508,
            "b": -0.009915089,
            "pin": 1
        }
    }

}